,SEARCHVAL,BLK_NO,ROAD_NAME,BUILDING,ADDRESS,POSTAL,X,Y,LATITUDE,LONGITUDE,LONGTITUDE,address
0,JURONG EAST MRT STATION (EW24 / NS1),10,JURONG EAST STREET 12,JURONG EAST MRT STATION (EW24 / NS1),10 JURONG EAST STREET 12 JURONG EAST MRT STATION (EW24 / NS1) SINGAPORE 609690,609690,17869.0570516568,35038.9688695427,1.33315281585758,103.742286332403,103.742286332403,Jurong East NS1
0,BUKIT BATOK MRT STATION (NS2),10,BUKIT BATOK CENTRAL,BUKIT BATOK MRT STATION (NS2),10 BUKIT BATOK CENTRAL BUKIT BATOK MRT STATION (NS2) SINGAPORE 659958,659958,18679.3223191258,36794.9260214306,1.34903331201636,103.749566478309,103.749566478309,Bukit Batok NS2
0,BUKIT GOMBAK MRT STATION (NS3),802,BUKIT BATOK WEST AVENUE 5,BUKIT GOMBAK MRT STATION (NS3),802 BUKIT BATOK WEST AVENUE 5 BUKIT GOMBAK MRT STATION (NS3) SINGAPORE 659083,659083,18926.9127006577,37854.0358848721,1.35861159094192,103.751790910733,103.751790910733,Bukit Gombak NS3
0,CHOA CHU KANG MRT STATION (NS4),10,CHOA CHU KANG AVENUE 4,CHOA CHU KANG MRT STATION (NS4),10 CHOA CHU KANG AVENUE 4 CHOA CHU KANG MRT STATION (NS4) SINGAPORE 689810,689810,18101.2472041463,40812.1216052417,1.38536316540225,103.744370779756,103.744370779756,Choa Chu Kang NS4
0,YEW TEE MRT STATION (NS5),61,CHOA CHU KANG DRIVE,YEW TEE MRT STATION (NS5),61 CHOA CHU KANG DRIVE YEW TEE MRT STATION (NS5) SINGAPORE 689715,689715,18438.9831173802,42158.0181021616,1.39753506936297,103.747405150236,103.747405150236,Yew Tee NS5
0,KRANJI MRT STATION (NS7),960,WOODLANDS ROAD,KRANJI MRT STATION (NS7),960 WOODLANDS ROAD KRANJI MRT STATION (NS7) SINGAPORE 738702,738702,20078.5865077013,45204.5168451127,1.42508698073648,103.762137459497,103.762137459497,Kranji NS7
0,MARSILING MRT STATION (NS8),71,WOODLANDS AVENUE 3,MARSILING MRT STATION (NS8),71 WOODLANDS AVENUE 3 MARSILING MRT STATION (NS8) SINGAPORE 739044,739044,21407.0413211482,46026.5125302058,1.43252114855026,103.774074641403,103.774074641403,Marsiling NS8
0,WOODLANDS MRT STATION (NS9),30,WOODLANDS AVENUE 2,WOODLANDS MRT STATION (NS9),30 WOODLANDS AVENUE 2 WOODLANDS MRT STATION (NS9) SINGAPORE 738343,738343,22741.5981903812,46501.7861009166,1.43681962961519,103.786066799253,103.786066799253,Woodlands NS9
0,ADMIRALTY MRT STATION (NS10),70,WOODLANDS AVENUE 7,ADMIRALTY MRT STATION (NS10),70 WOODLANDS AVENUE 7 ADMIRALTY MRT STATION (NS10) SINGAPORE 738344,738344,24402.3866267931,46918.506801948,1.44058856161847,103.800990519771,103.800990519771,Admiralty NS10
0,SEMBAWANG MRT STATION (NS11),11,CANBERRA ROAD,SEMBAWANG MRT STATION (NS11),11 CANBERRA ROAD SEMBAWANG MRT STATION (NS11) SINGAPORE 759775,759775,26522.9882623879,47854.1998395547,1.44905082158502,103.820046140211,103.820046140211,Sembawang NS11
0,YISHUN MRT STATION (NS13),301,YISHUN AVENUE 2,YISHUN MRT STATION (NS13),301 YISHUN AVENUE 2 YISHUN MRT STATION (NS13) SINGAPORE 769093,769093,28187.6788169928,45686.0705381557,1.42944308477331,103.835005047246,103.835005047246,Yishun NS13
0,KHATIB MRT STATION (NS14),201,YISHUN AVENUE 2,KHATIB MRT STATION (NS14),201 YISHUN AVENUE 2 KHATIB MRT STATION (NS14) SINGAPORE 769092,769092,27962.3108561579,44352.5679935999,1.41738337009565,103.832979908243,103.832979908243,Khatib NS14
0,YIO CHU KANG MRT STATION (NS15),3000,ANG MO KIO AVENUE 8,YIO CHU KANG MRT STATION (NS15),3000 ANG MO KIO AVENUE 8 YIO CHU KANG MRT STATION (NS15) SINGAPORE 569813,569813,29294.1262330338,40413.0626359228,1.38175587099132,103.84494727118,103.84494727118,Yio Chu Kang NS15
0,ANG MO KIO MRT STATION (NS16),2795,ANG MO KIO AVENUE 8,ANG MO KIO MRT STATION (NS16),2795 ANG MO KIO AVENUE 8 ANG MO KIO MRT STATION (NS16) SINGAPORE 569812,569812,29807.2611468043,39105.7359950263,1.36993284962262,103.84955809232,103.84955809232,Ang Mo Kio NS16
0,BISHAN MRT STATION (NS17),200,BISHAN ROAD,BISHAN MRT STATION (NS17),200 BISHAN ROAD BISHAN MRT STATION (NS17) SINGAPORE 579827,579827,29649.8988074977,36994.4330169763,1.35083898784737,103.848143964542,103.848143964542,Bishan NS17
0,BRADDELL MRT STATION (NS18),377,LORONG 1 TOA PAYOH,BRADDELL MRT STATION (NS18),377 LORONG 1 TOA PAYOH BRADDELL MRT STATION (NS18) SINGAPORE 319756,319756,29500.2349482412,35847.7719815206,1.3404690010277,103.846799083148,103.846799083148,Braddell NS18
0,TOA PAYOH MRT STATION (NS19),510,LORONG 6 TOA PAYOH,TOA PAYOH MRT STATION (NS19),510 LORONG 6 TOA PAYOH TOA PAYOH MRT STATION (NS19) SINGAPORE 319398,319398,29578.4890669128,34980.8962922301,1.33262928096888,103.847502198048,103.847502198048,Toa Payoh NS19
0,NOVENA MRT STATION (NS20),250,THOMSON ROAD,NOVENA MRT STATION (NS20),250 THOMSON ROAD NOVENA MRT STATION (NS20) SINGAPORE 307642,307642,29169.3297925005,33633.1535391063,1.32044079120154,103.843825618748,103.843825618748,Novena NS20
0,NEWTON MRT STATION (NS21),49,SCOTTS ROAD,NEWTON MRT STATION (NS21),49 SCOTTS ROAD NEWTON MRT STATION (NS21) SINGAPORE 228234,228234,28519.2830723543,32735.0770371091,1.3123189224097,103.837984594021,103.837984594021,Newton NS21
0,ORCHARD MRT STATION (NS22),437,ORCHARD ROAD,ORCHARD MRT STATION (NS22),437 ORCHARD ROAD ORCHARD MRT STATION (NS22) SINGAPORE 238878,238878,27880.5476490632,31813.0165782962,1.30398013681715,103.832245244375,103.832245244375,Orchard NS22
0,SOMERSET MRT STATION (NS23),1,SOMERSET ROAD,SOMERSET MRT STATION (NS23),1 SOMERSET ROAD SOMERSET MRT STATION (NS23) SINGAPORE 238162,238162,28641.8346576076,31402.1245223526,1.30026416739006,103.839085753124,103.839085753124,Somerset NS23
0,DHOBY GHAUT MRT STATION (NS24),11,ORCHARD ROAD,DHOBY GHAUT MRT STATION (NS24),11 ORCHARD ROAD DHOBY GHAUT MRT STATION (NS24) SINGAPORE 238826,238826,29423.9804536467,31229.3163704202,1.29870132536119,103.846113677951,103.846113677951,Dhoby Ghaut NS24
0,CITY HALL MRT STATION (EW13 / NS25),150,NORTH BRIDGE ROAD,CITY HALL MRT STATION (EW13 / NS25),150 NORTH BRIDGE ROAD CITY HALL MRT STATION (EW13 / NS25) SINGAPORE 179100,179100,30144.2503791479,30591.9008128252,1.29293672227779,103.852585580366,103.852585580366,City Hall NS25
0,RAFFLES PLACE MRT STATION (EW14 / NS26),5,RAFFLES PLACE,RAFFLES PLACE MRT STATION (EW14 / NS26),5 RAFFLES PLACE RAFFLES PLACE MRT STATION (EW14 / NS26) SINGAPORE 048618,048618,30019.180527918,29617.6125848945,1.28412561043658,103.851461712342,103.851461712342,Raffles Place NS26
0,MARINA BAY MRT STATION (NS27),21,PARK STREET,MARINA BAY MRT STATION (NS27),21 PARK STREET MARINA BAY MRT STATION (NS27) SINGAPORE 018925,018925,30367.9547207942,28764.4959340338,1.276410298755,103.854595522263,103.854595522263,Marina Bay NS27
0,MARINA SOUTH PIER MRT STATION (NS28),33,MARINA COASTAL DRIVE,MARINA SOUTH PIER MRT STATION (NS28),33 MARINA COASTAL DRIVE MARINA SOUTH PIER MRT STATION (NS28) SINGAPORE 018948,018948,31241.8260070179,28169.2510934137,1.27102703612006,103.862447515736,103.862447515736,Marina South Pier NS28
0,PASIR RIS MRT STATION (EW1),10,PASIR RIS CENTRAL,PASIR RIS MRT STATION (EW1),10 PASIR RIS CENTRAL PASIR RIS MRT STATION (EW1) SINGAPORE 519634,519634,40905.597462655,39449.9823396821,1.37304331635804,103.949284527763,103.949284527763,Pasir Ris EW1
0,TAMPINES MRT STATION (EW2),20,TAMPINES CENTRAL 1,TAMPINES MRT STATION (EW2),20 TAMPINES CENTRAL 1 TAMPINES MRT STATION (EW2) SINGAPORE 529538,529538,40444.9732025806,37267.0262664594,1.35330167637376,103.945144586749,103.945144586749,Tampines EW2
0,SIMEI MRT STATION (EW3),30,SIMEI STREET 3,SIMEI MRT STATION (EW3),30 SIMEI STREET 3 SIMEI MRT STATION (EW3) SINGAPORE 529888,529888,41361.2281713123,36149.7527796105,1.34319707851829,103.953377214378,103.953377214378,Simei EW3
0,TANAH MERAH MRT STATION (EW4),920,NEW UPPER CHANGI ROAD,TANAH MERAH MRT STATION (EW4),920 NEW UPPER CHANGI ROAD TANAH MERAH MRT STATION (EW4) SINGAPORE 467356,467356,40579.0997793637,34379.4316836372,1.32718729074675,103.946348600798,103.946348600798,Tanah Merah EW4
0,BEDOK MRT STATION (EW5),315,NEW UPPER CHANGI ROAD,BEDOK MRT STATION (EW5),315 NEW UPPER CHANGI ROAD BEDOK MRT STATION (EW5) SINGAPORE 467347,467347,38757.952049505,34024.7047772072,1.32397996868158,103.929984495066,103.929984495066,Bedok EW5
0,KEMBANGAN MRT STATION (EW6),55,SIMS AVENUE EAST,KEMBANGAN MRT STATION (EW6),55 SIMS AVENUE EAST KEMBANGAN MRT STATION (EW6) SINGAPORE 416551,416551,36861.9614935443,33699.3440501876,1.3210381335934,103.912947930851,103.912947930851,Kembangan EW6
0,EUNOS MRT STATION (EW7),30,EUNOS CRESCENT,EUNOS MRT STATION (EW7),30 EUNOS CRESCENT EUNOS MRT STATION (EW7) SINGAPORE 409423,409423,35779.9883453855,33560.5858968049,1.31978354916088,103.903225807255,103.903225807255,Eunos EW7
0,PAYA LEBAR MRT STATION (EW8),30,PAYA LEBAR ROAD,PAYA LEBAR MRT STATION (EW8),30 PAYA LEBAR ROAD PAYA LEBAR MRT STATION (EW8) SINGAPORE 409006,409006,34648.7236344032,33375.6688563768,1.31811149224527,103.893060771576,103.893060771576,Paya Lebar EW8
0,ALJUNIED MRT STATION (EW9),81,LORONG 25 GEYLANG,ALJUNIED MRT STATION (EW9),81 LORONG 25 GEYLANG ALJUNIED MRT STATION (EW9) SINGAPORE 388310,388310,33518.6048692847,33190.002017457,1.3164326118157,103.882906044385,103.882906044385,Aljunied EW9
0,KALLANG MRT STATION (EW10),5,SIMS AVENUE,KALLANG MRT STATION (EW10),5 SIMS AVENUE KALLANG MRT STATION (EW10) SINGAPORE 387405,387405,32236.6038438473,32643.3302382641,1.31148890998818,103.871386541754,103.871386541754,Kallang EW10
0,LAVENDER MRT STATION (EW11),50,KALLANG ROAD,LAVENDER MRT STATION (EW11),50 KALLANG ROAD LAVENDER MRT STATION (EW11) SINGAPORE 208699,208699,31277.4062337531,32188.7337866109,1.30737781747063,103.862767633888,103.862767633888,Lavender EW11
0,BUGIS MRT STATION (EW12),220,VICTORIA STREET,BUGIS MRT STATION (EW12),220 VICTORIA STREET BUGIS MRT STATION (EW12) SINGAPORE 188022,188022,30491.6000699066,31424.3512713723,1.30046508509717,103.855706730933,103.855706730933,Bugis EW12
0,CITY HALL MRT STATION (EW13 / NS25),150,NORTH BRIDGE ROAD,CITY HALL MRT STATION (EW13 / NS25),150 NORTH BRIDGE ROAD CITY HALL MRT STATION (EW13 / NS25) SINGAPORE 179100,179100,30144.2503791479,30591.9008128252,1.29293672227779,103.852585580366,103.852585580366,City Hall EW13
0,RAFFLES PLACE MRT STATION (EW14 / NS26),5,RAFFLES PLACE,RAFFLES PLACE MRT STATION (EW14 / NS26),5 RAFFLES PLACE RAFFLES PLACE MRT STATION (EW14 / NS26) SINGAPORE 048618,048618,30019.180527918,29617.6125848945,1.28412561043658,103.851461712342,103.851461712342,Raffles Place EW14
0,TANJONG PAGAR MRT STATION (EW15),120,MAXWELL ROAD,TANJONG PAGAR MRT STATION (EW15),120 MAXWELL ROAD TANJONG PAGAR MRT STATION (EW15) SINGAPORE 069119,069119,29380.7567437869,28781.1883335691,1.27656131737246,103.845725186759,103.845725186759,Tanjong Pagar EW15
0,OUTRAM PARK MRT STATION (EW16),10,OUTRAM ROAD,OUTRAM PARK MRT STATION (EW16),10 OUTRAM ROAD OUTRAM PARK MRT STATION (EW16) SINGAPORE 169037,169037,28646.8726726929,29316.780396251,1.28140504772213,103.839130979249,103.839130979249,Outram Park EW16
0,TIONG BAHRU MRT STATION (EW17),300,TIONG BAHRU ROAD,TIONG BAHRU MRT STATION (EW17),300 TIONG BAHRU ROAD TIONG BAHRU MRT STATION (EW17) SINGAPORE 168731,168731,27346.3322650846,29836.2044219468,1.28610253615775,103.827445112419,103.827445112419,Tiong Bahru EW17
0,REDHILL MRT STATION (EW18),920,TIONG BAHRU ROAD,REDHILL MRT STATION (EW18),920 TIONG BAHRU ROAD REDHILL MRT STATION (EW18) SINGAPORE 158792,158792,26155.053497511,30226.759782847,1.28963453412887,103.81674097205,103.81674097205,Redhill EW18
0,QUEENSTOWN MRT STATION (EW19),301,COMMONWEALTH AVENUE,QUEENSTOWN MRT STATION (EW19),301 COMMONWEALTH AVENUE QUEENSTOWN MRT STATION (EW19) SINGAPORE 149729,149729,24968.2673462247,30770.3911128063,1.29455085184931,103.806077155982,103.806077155982,Queenstown EW19
0,COMMONWEALTH MRT STATION (EW20),375,COMMONWEALTH AVENUE,COMMONWEALTH MRT STATION (EW20),375 COMMONWEALTH AVENUE COMMONWEALTH MRT STATION (EW20) SINGAPORE 149735,149735,24094.7951433668,31649.5989169721,1.30250199924325,103.798228523336,103.798228523336,Commonwealth EW20
0,BUONA VISTA MRT STATION (EW21),100,NORTH BUONA VISTA ROAD,BUONA VISTA MRT STATION (EW21),100 NORTH BUONA VISTA ROAD BUONA VISTA MRT STATION (EW21) SINGAPORE 139345,139345,23207.2578019593,32171.7150982097,1.3072237082044,103.790253514502,103.790253514502,Buona Vista EW21
0,DOVER MRT STATION (EW22),200,COMMONWEALTH AVENUE WEST,DOVER MRT STATION (EW22),200 COMMONWEALTH AVENUE WEST DOVER MRT STATION (EW22) SINGAPORE 138677,138677,21914.5509301452,32634.1186314393,1.31140529320963,103.778637841909,103.778637841909,Dover EW22
0,CLEMENTI MRT STATION (EW23),3150,COMMONWEALTH AVENUE WEST,CLEMENTI MRT STATION (EW23),3150 COMMONWEALTH AVENUE WEST CLEMENTI MRT STATION (EW23) SINGAPORE 129580,129580,20418.1055078562,33044.4944669213,1.31511625277378,103.765191452888,103.765191452888,Clementi EW23
0,JURONG EAST MRT STATION (EW24 / NS1),10,JURONG EAST STREET 12,JURONG EAST MRT STATION (EW24 / NS1),10 JURONG EAST STREET 12 JURONG EAST MRT STATION (EW24 / NS1) SINGAPORE 609690,609690,17869.0570516568,35038.9688695427,1.33315281585758,103.742286332403,103.742286332403,Jurong East EW24
0,CHINESE GARDEN MRT STATION (EW25),151,BOON LAY WAY,CHINESE GARDEN MRT STATION (EW25),151 BOON LAY WAY CHINESE GARDEN MRT STATION (EW25) SINGAPORE 609959,609959,16790.7466322081,36056.3018932827,1.34235282081401,103.732596738363,103.732596738363,Chinese Garden EW25
0,LAKESIDE MRT STATION (EW26),201,BOON LAY WAY,LAKESIDE MRT STATION (EW26),201 BOON LAY WAY LAKESIDE MRT STATION (EW26) SINGAPORE 649845,649845,15494.4969534362,36267.1470333859,1.34425911493819,103.720949087456,103.720949087456,Lakeside EW26
0,BOON LAY MRT STATION (EW27),301,BOON LAY WAY,BOON LAY MRT STATION (EW27),301 BOON LAY WAY BOON LAY MRT STATION (EW27) SINGAPORE 649846,649846,13837.9827195406,35641.9191215802,1.33860405469845,103.706064622772,103.706064622772,Boon Lay EW27
0,PIONEER MRT STATION (EW28),31,JURONG WEST STREET 63,PIONEER MRT STATION (EW28),31 JURONG WEST STREET 63 PIONEER MRT STATION (EW28) SINGAPORE 648310,648310,12864.9698331021,35529.5115483906,1.33758701106708,103.697321608474,103.697321608474,Pioneer EW28
0,JOO KOON MRT STATION (EW29),91,JOO KOON CIRCLE,JOO KOON MRT STATION (EW29),91 JOO KOON CIRCLE JOO KOON MRT STATION (EW29) SINGAPORE 629116,629116,10756.3379743481,34438.2617777772,1.3277170408447,103.678374996165,103.678374996165,Joo Koon EW29
0,GUL CIRCLE MRT STATION (EW30),7A,TUAS ROAD,GUL CIRCLE MRT STATION (EW30),7A TUAS ROAD GUL CIRCLE MRT STATION (EW30) SINGAPORE 637288,637288,8770.35150132887,33526.5733700171,1.31947090075208,103.660530461345,103.660530461345,Gul Circle EW30
0,TUAS CRESCENT MRT STATION (EW31),90,PIONEER ROAD,TUAS CRESCENT MRT STATION (EW31),90 PIONEER ROAD TUAS CRESCENT MRT STATION (EW31) SINGAPORE 639608,639608,7495.83786702435,33698.7263109088,1.32102695598684,103.649078235627,103.649078235627,Tuas Crescent EW31
0,TUAS WEST ROAD MRT STATION (EW32),131,PIONEER ROAD,TUAS WEST ROAD MRT STATION (EW32),131 PIONEER ROAD TUAS WEST ROAD MRT STATION (EW32) SINGAPORE 639609,639609,6442.92861192208,34689.3517738562,1.32998504653102,103.639616648771,103.639616648771,Tuas West Road EW32
0,TUAS LINK MRT STATION (EW33),20,TUAS WEST DRIVE,TUAS LINK MRT STATION (EW33),20 TUAS WEST DRIVE TUAS LINK MRT STATION (EW33) SINGAPORE 638418,638418,6150.86278806347,35894.3582222275,1.34088242451105,103.636991425128,103.636991425128,Tuas Link EW33
0,EXPO MRT STATION (CG1),21,CHANGI SOUTH AVENUE 1,EXPO MRT STATION (CG1),21 CHANGI SOUTH AVENUE 1 EXPO MRT STATION (CG1) SINGAPORE 486065,486065,42270.6232344816,35193.6223453786,1.33454977824817,103.961548211018,103.961548211018,Expo CG1
0,CHANGI AIRPORT MRT STATION (CG2),70,AIRPORT BOULEVARD,CHANGI AIRPORT MRT STATION (CG2),70 AIRPORT BOULEVARD CHANGI AIRPORT MRT STATION (CG2) SINGAPORE 819661,819661,45201.320394692,37729.1933764666,1.35747897447692,103.98788356959,103.98788356959,Changi Airport CG2
0,HARBOURFRONT MRT STATION (NE1 / CC29),81,TELOK BLANGAH ROAD,HARBOURFRONT MRT STATION (NE1 / CC29),81 TELOK BLANGAH ROAD HARBOURFRONT MRT STATION (NE1 / CC29) SINGAPORE 098867,098867,26688.0367021402,27545.8534260485,1.26538938374901,103.821530157095,103.821530157095,HarbourFront NE1
0,OUTRAM PARK MRT STATION (NE3),300,EU TONG SEN STREET,OUTRAM PARK MRT STATION (NE3),300 EU TONG SEN STREET OUTRAM PARK MRT STATION (NE3) SINGAPORE 059816,059816,28681.2492930563,29130.5222722683,1.27972059383553,103.839439862425,103.839439862425,Outram Park NE3
0,CHINATOWN MRT STATION (NE4),151,NEW BRIDGE ROAD,CHINATOWN MRT STATION (NE4),151 NEW BRIDGE ROAD CHINATOWN MRT STATION (NE4) SINGAPORE 059443,059443,29124.9480295833,29643.4802091382,1.28435959278583,103.843426681863,103.843426681863,Chinatown NE4
0,CLARKE QUAY MRT STATION (NE5),10,EU TONG SEN STREET,CLARKE QUAY MRT STATION (NE5),10 EU TONG SEN STREET CLARKE QUAY MRT STATION (NE5) SINGAPORE 059815,059815,29473.1249443376,30088.7037861496,1.28838602407588,103.846555209694,103.846555209694,Clarke Quay NE5
0,DHOBY GHAUT MRT STATION (NE6),60,ORCHARD ROAD,DHOBY GHAUT MRT STATION (NE6),60 ORCHARD ROAD DHOBY GHAUT MRT STATION (NE6) SINGAPORE 238889,238889,29354.4079191377,31340.2508916464,1.29970458121203,103.845488542541,103.845488542541,Dhoby Ghaut NE6
0,LITTLE INDIA MRT STATION (NE7),60,BUKIT TIMAH ROAD,LITTLE INDIA MRT STATION (NE7),60 BUKIT TIMAH ROAD LITTLE INDIA MRT STATION (NE7) SINGAPORE 229900,229900,29817.2085683132,32124.850180177,1.30680019696174,103.849647059738,103.849647059738,Little India NE7
0,FARRER PARK MRT STATION (NE8),250,RACE COURSE ROAD,FARRER PARK MRT STATION (NE8),250 RACE COURSE ROAD FARRER PARK MRT STATION (NE8) SINGAPORE 218703,218703,30243.5206485614,32689.3795552086,1.31190557325774,103.853477716509,103.853477716509,Farrer Park NE8
0,BOON KENG MRT STATION (NE9),900,SERANGOON ROAD,BOON KENG MRT STATION (NE9),900 SERANGOON ROAD BOON KENG MRT STATION (NE9) SINGAPORE 328260,328260,31144.045013207,33510.9746132698,1.31933570922514,103.861569454156,103.861569454156,Boon Keng NE9
0,POTONG PASIR MRT STATION (NE10),55,UPPER SERANGOON ROAD,POTONG PASIR MRT STATION (NE10),55 UPPER SERANGOON ROAD POTONG PASIR MRT STATION (NE10) SINGAPORE 347694,347694,31977.1667550961,34842.7250955887,1.33137949021368,103.869055656782,103.869055656782,Potong Pasir NE10
0,WOODLEIGH MRT STATION (NE11),400,UPPER SERANGOON ROAD,WOODLEIGH MRT STATION (NE11),400 UPPER SERANGOON ROAD WOODLEIGH MRT STATION (NE11) SINGAPORE 347695,347695,32173.3185749156,35706.3793633711,1.33919004519388,103.87081830915,103.87081830915,Woodleigh NE11
0,SERANGOON MRT STATION (NE12),600,UPPER SERANGOON ROAD,SERANGOON MRT STATION (NE12),600 UPPER SERANGOON ROAD SERANGOON MRT STATION (NE12) SINGAPORE 534801,534801,32480.0729367165,36869.3930099793,1.34970788089564,103.873574849884,103.873574849884,Serangoon NE12
0,KOVAN MRT STATION (NE13),900,UPPER SERANGOON ROAD,KOVAN MRT STATION (NE13),900 UPPER SERANGOON ROAD KOVAN MRT STATION (NE13) SINGAPORE 534799,534799,33758.7578018578,38027.2794417515,1.36017917065237,103.885064856353,103.885064856353,Kovan NE13
0,HOUGANG MRT STATION (NE14),80,HOUGANG CENTRAL,HOUGANG MRT STATION (NE14),80 HOUGANG CENTRAL HOUGANG MRT STATION (NE14) SINGAPORE 538758,538758,34572.8752453458,39256.1282835789,1.37129226620797,103.892380513029,103.892380513029,Hougang NE14
0,BUANGKOK MRT STATION (NE15),10,SENGKANG CENTRAL,BUANGKOK MRT STATION (NE15),10 SENGKANG CENTRAL BUANGKOK MRT STATION (NE15) SINGAPORE 545061,545061,34655.4250568021,40536.3401684985,1.38287001971672,103.893122569706,103.893122569706,Buangkok NE15
0,SENGKANG MRT STATION (NE16),5,SENGKANG SQUARE,SENGKANG MRT STATION (NE16),5 SENGKANG SQUARE SENGKANG MRT STATION (NE16) SINGAPORE 545062,545062,34918.2740132138,41512.1276907362,1.39169462601522,103.895484694279,103.895484694279,Sengkang NE16
0,PUNGGOL MRT STATION (NE17),70,PUNGGOL CENTRAL,PUNGGOL MRT STATION (NE17),70 PUNGGOL CENTRAL PUNGGOL MRT STATION (NE17) SINGAPORE 828868,828868,35651.382800173,42933.2482692804,1.40454653668991,103.902072622229,103.902072622229,Punggol NE17
0,DHOBY GHAUT MRT STATION (CC1),13,ORCHARD ROAD,DHOBY GHAUT MRT STATION (CC1),13 ORCHARD ROAD DHOBY GHAUT MRT STATION (CC1) SINGAPORE 238893,238893,29443.8824096406,31252.5723822247,1.29891164362677,103.84629250696,103.84629250696,Dhoby Ghaut CC1
0,BRAS BASAH MRT STATION (CC2),65,BRAS BASAH ROAD,BRAS BASAH MRT STATION (CC2),65 BRAS BASAH ROAD BRAS BASAH MRT STATION (CC2) SINGAPORE 189561,189561,29930.7673842637,31025.9015965667,1.29686168649656,103.850667371637,103.850667371637,Bras Basah CC2
0,ESPLANADE MRT STATION (CC3),90,BRAS BASAH ROAD,ESPLANADE MRT STATION (CC3),90 BRAS BASAH ROAD ESPLANADE MRT STATION (CC3) SINGAPORE 189562,189562,30421.9934839159,30671.6277715843,1.2936577245386,103.855081226245,103.855081226245,Esplanade CC3
0,PROMENADE MRT STATION (CC4),2,TEMASEK AVENUE,PROMENADE MRT STATION (CC4),2 TEMASEK AVENUE PROMENADE MRT STATION (CC4) SINGAPORE 039193,039193,31008.3618750935,30709.2578067128,1.29399798636232,103.860350000188,103.860350000188,Promenade CC4
0,NICOLL HIGHWAY MRT STATION (CC5),20,REPUBLIC AVENUE,NICOLL HIGHWAY MRT STATION (CC5),20 REPUBLIC AVENUE NICOLL HIGHWAY MRT STATION (CC5) SINGAPORE 038970,038970,31374.1649264134,31347.1528697051,1.29976684675139,103.86363696572,103.86363696572,Nicoll Highway CC5
0,STADIUM MRT STATION (CC6),3,STADIUM WALK,STADIUM MRT STATION (CC6),3 STADIUM WALK STADIUM MRT STATION (CC6) SINGAPORE 397692,397692,32676.3477050858,31683.9407594204,1.3028124684707,103.875337711089,103.875337711089,Stadium CC6
0,MOUNTBATTEN MRT STATION (CC7),301,MOUNTBATTEN ROAD,MOUNTBATTEN MRT STATION (CC7),301 MOUNTBATTEN ROAD MOUNTBATTEN MRT STATION (CC7) SINGAPORE 398006,398006,33476.563426869,32058.7418466732,1.30620190525331,103.882528081052,103.882528081052,Mountbatten CC7
0,DAKOTA MRT STATION (CC8),201,OLD AIRPORT ROAD,DAKOTA MRT STATION (CC8),201 OLD AIRPORT ROAD DAKOTA MRT STATION (CC8) SINGAPORE 397973,397973,34204.0252977135,32318.1744557619,1.30854798388121,103.889064718377,103.889064718377,Dakota CC8
0,PAYA LEBAR MRT STATION (CC9),15,PAYA LEBAR ROAD,PAYA LEBAR MRT STATION (CC9),15 PAYA LEBAR ROAD PAYA LEBAR MRT STATION (CC9) SINGAPORE 409049,409049,34559.6916920897,33280.1181892157,1.3172473854035,103.892260753884,103.892260753884,Paya Lebar CC9
0,MACPHERSON MRT STATION (CC10),171,PAYA LEBAR ROAD,MACPHERSON MRT STATION (CC10),171 PAYA LEBAR ROAD MACPHERSON MRT STATION (CC10) SINGAPORE 409048,409048,34351.6177675035,34256.5138255134,1.32607760171665,103.890391305725,103.890391305725,MacPherson CC10
0,TAI SENG MRT STATION (CC11),33,UPPER PAYA LEBAR ROAD,TAI SENG MRT STATION (CC11),33 UPPER PAYA LEBAR ROAD TAI SENG MRT STATION (CC11) SINGAPORE 534803,534803,34128.792347569,35258.74881576,1.33514150139202,103.888389300191,103.888389300191,Tai Seng CC11
0,BARTLEY MRT STATION (CC12),90,BARTLEY ROAD,BARTLEY MRT STATION (CC12),90 BARTLEY ROAD BARTLEY MRT STATION (CC12) SINGAPORE 539788,539788,33214.9339675205,36072.5255325548,1.34250117805245,103.880177899184,103.880177899184,Bartley CC12
0,SERANGOON MRT STATION (CC13),21,SERANGOON CENTRAL,SERANGOON MRT STATION (CC13),21 SERANGOON CENTRAL SERANGOON MRT STATION (CC13) SINGAPORE 556082,556082,32390.6852547908,36971.7545485683,1.35063361526525,103.872771660431,103.872771660431,Serangoon CC13
0,LORONG CHUAN MRT STATION (CC14),150,SERANGOON AVENUE 3,LORONG CHUAN MRT STATION (CC14),150 SERANGOON AVENUE 3 LORONG CHUAN MRT STATION (CC14) SINGAPORE 554533,554533,31431.4054671209,37079.9443690311,1.35161217074555,103.864151938651,103.864151938651,Lorong Chuan CC14
0,BISHAN MRT STATION (CC15),17,BISHAN PLACE,BISHAN MRT STATION (CC15),17 BISHAN PLACE BISHAN MRT STATION (CC15) SINGAPORE 579842,579842,29760.7755471431,37047.1573323701,1.35131580146658,103.84914026532,103.84914026532,Bishan CC15
0,MARYMOUNT MRT STATION (CC16),60,MARYMOUNT ROAD,MARYMOUNT MRT STATION (CC16),60 MARYMOUNT ROAD MARYMOUNT MRT STATION (CC16) SINGAPORE 573993,573993,28679.3687734958,36758.7136478554,1.348707263451,103.839423132332,103.839423132332,Marymount CC16
0,CALDECOTT MRT STATION (CC17),38,TOA PAYOH RISE,CALDECOTT MRT STATION (CC17),38 TOA PAYOH RISE CALDECOTT MRT STATION (CC17) SINGAPORE 298113,298113,28691.2450525351,35538.7680123672,1.33767450815619,103.839529820338,103.839529820338,Caldecott CC17
0,BOTANIC GARDENS MRT STATION (CC19),100,CLUNY PARK ROAD,BOTANIC GARDENS MRT STATION (CC19),100 CLUNY PARK ROAD BOTANIC GARDENS MRT STATION (CC19) SINGAPORE 257494,257494,25959.6005048994,33818.1442215387,1.32211373558877,103.814984510627,103.814984510627,Botanic Gardens CC19
0,FARRER ROAD MRT STATION (CC20),71,FARRER ROAD,FARRER ROAD MRT STATION (CC20),71 FARRER ROAD FARRER ROAD MRT STATION (CC20) SINGAPORE 268857,268857,25113.2011973979,33301.2602245007,1.31743915158967,103.807379214161,103.807379214161,Farrer Road CC20
0,HOLLAND VILLAGE MRT STATION (CC21),200,HOLLAND AVENUE,HOLLAND VILLAGE MRT STATION (CC21),200 HOLLAND AVENUE HOLLAND VILLAGE MRT STATION (CC21) SINGAPORE 278995,278995,23891.2152273953,32726.4128267691,1.31224029631595,103.796399122407,103.796399122407,Holland Village CC21
0,BUONA VISTA MRT STATION (CC22),150,NORTH BUONA VISTA ROAD,BUONA VISTA MRT STATION (CC22),150 NORTH BUONA VISTA ROAD BUONA VISTA MRT STATION (CC22) SINGAPORE 139350,139350,23257.9930265341,32106.5630513821,1.30663450405,103.790709404436,103.790709404436,Buona Vista CC22
0,ONE-NORTH MRT STATION (CC23),9,AYER RAJAH AVENUE,ONE-NORTH MRT STATION (CC23),9 AYER RAJAH AVENUE ONE-NORTH MRT STATION (CC23) SINGAPORE 138647,138647,22896.0728127016,31346.4080956969,1.29975987493555,103.78745750525,103.78745750525,one-north CC23
0,KENT RIDGE MRT STATION (CC24),301,SOUTH BUONA VISTA ROAD,KENT RIDGE MRT STATION (CC24),301 SOUTH BUONA VISTA ROAD KENT RIDGE MRT STATION (CC24) SINGAPORE 118177,118177,22575.0107144611,30657.9332947638,1.29353349887123,103.784572738173,103.784572738173,Kent Ridge CC24
0,HAW PAR VILLA MRT STATION (CC25),270,PASIR PANJANG ROAD,HAW PAR VILLA MRT STATION (CC25),270 PASIR PANJANG ROAD HAW PAR VILLA MRT STATION (CC25) SINGAPORE 117396,117396,22261.1431040755,29445.802035436,1.28257135772488,103.781752725064,103.781752725064,Haw Par Villa CC25
0,PASIR PANJANG MRT STATION (CC26),119,PASIR PANJANG ROAD,PASIR PANJANG MRT STATION (CC26),119 PASIR PANJANG ROAD PASIR PANJANG MRT STATION (CC26) SINGAPORE 117424,117424,23329.2647148455,28742.7657615561,1.27621352233766,103.791350313288,103.791350313288,Pasir Panjang CC26
0,LABRADOR PARK MRT STATION (CC27),701,TELOK BLANGAH ROAD,LABRADOR PARK MRT STATION (CC27),701 TELOK BLANGAH ROAD LABRADOR PARK MRT STATION (CC27) SINGAPORE 109029,109029,24584.7750495933,28304.9440988898,1.27225417749656,103.802631578766,103.802631578766,Labrador Park CC27
0,TELOK BLANGAH MRT STATION (CC28),463,TELOK BLANGAH ROAD,TELOK BLANGAH MRT STATION (CC28),463 TELOK BLANGAH ROAD TELOK BLANGAH MRT STATION (CC28) SINGAPORE 109028,109028,25378.2908018399,28133.7990515903,1.27070647717762,103.809761611219,103.809761611219,Telok Blangah CC28
0,HARBOURFRONT MRT STATION (NE1 / CC29),81,TELOK BLANGAH ROAD,HARBOURFRONT MRT STATION (NE1 / CC29),81 TELOK BLANGAH ROAD HARBOURFRONT MRT STATION (NE1 / CC29) SINGAPORE 098867,098867,26688.0367021402,27545.8534260485,1.26538938374901,103.821530157095,103.821530157095,HarbourFront CC29
0,BAYFRONT MRT STATION (DT16 / CE1),11,BAYFRONT AVENUE,BAYFRONT MRT STATION (DT16 / CE1),11 BAYFRONT AVENUE BAYFRONT MRT STATION (DT16 / CE1) SINGAPORE 018957,018957,30867.0092712184,29368.6250332333,1.28187378879209,103.859079764874,103.859079764874,Bayfront CE1
0,MARINA BAY MRT STATION (CE2),23,PARK STREET,MARINA BAY MRT STATION (CE2),23 PARK STREET MARINA BAY MRT STATION (CE2) SINGAPORE 018926,018926,30462.7349769669,28746.9336326458,1.27625146423743,103.855447156279,103.855447156279,Marina Bay CE2
0,BUKIT PANJANG MRT STATION (DT1),950,UPPER BUKIT TIMAH ROAD,BUKIT PANJANG MRT STATION (DT1),950 UPPER BUKIT TIMAH ROAD BUKIT PANJANG MRT STATION (DT1) SINGAPORE 678213,678213,20011.3981217332,40108.6837660205,1.37900211641036,103.761535114929,103.761535114929,Bukit Panjang DT1
0,CASHEW MRT STATION (DT2),1,CASHEW ROAD,CASHEW MRT STATION (DT2),1 CASHEW ROAD CASHEW MRT STATION (DT2) SINGAPORE 679696,679696,20334.5589111606,39092.8585418891,1.36981544925552,103.76443921414,103.76443921414,Cashew DT2
0,HILLVIEW MRT STATION (DT3),510,UPPER BUKIT TIMAH ROAD,HILLVIEW MRT STATION (DT3),510 UPPER BUKIT TIMAH ROAD HILLVIEW MRT STATION (DT3) SINGAPORE 678211,678211,20666.0675499607,38266.7898455672,1.36234486803558,103.767418254007,103.767418254007,Hillview DT3
0,BEAUTY WORLD MRT STATION (DT5),101,UPPER BUKIT TIMAH ROAD,BEAUTY WORLD MRT STATION (DT5),101 UPPER BUKIT TIMAH ROAD BEAUTY WORLD MRT STATION (DT5) SINGAPORE 588216,588216,21598.1664763764,35931.2358860858,1.34122317558549,103.775794285083,103.775794285083,Beauty World DT5
0,KING ALBERT PARK MRT STATION (DT6),2,BLACKMORE DRIVE,KING ALBERT PARK MRT STATION (DT6),2 BLACKMORE DRIVE KING ALBERT PARK MRT STATION (DT6) SINGAPORE 599987,599987,22444.4895690959,35316.2479055841,1.33566161262214,103.783399113441,103.783399113441,King Albert Park DT6
0,SIXTH AVENUE MRT STATION (DT7),777,BUKIT TIMAH ROAD,SIXTH AVENUE MRT STATION (DT7),777 BUKIT TIMAH ROAD SIXTH AVENUE MRT STATION (DT7) SINGAPORE 269784,269784,23947.7493738988,34785.0233010761,1.33085764536226,103.796906838288,103.796906838288,Sixth Avenue DT7
0,TAN KAH KEE MRT STATION (DT8),651,BUKIT TIMAH ROAD,TAN KAH KEE MRT STATION (DT8),651 BUKIT TIMAH ROAD TAN KAH KEE MRT STATION (DT8) SINGAPORE 266268,266268,25155.6221095249,34198.8053115103,1.32555623519898,103.807760304729,103.807760304729,Tan Kah Kee DT8
0,BOTANIC GARDENS MRT STATION (DT9),491,BUKIT TIMAH ROAD,BOTANIC GARDENS MRT STATION (DT9),491 BUKIT TIMAH ROAD BOTANIC GARDENS MRT STATION (DT9) SINGAPORE 259777,259777,26074.1720875856,33859.5354773961,1.32248807089544,103.816013994259,103.816013994259,Botanic Gardens DT9
0,STEVENS MRT STATION (DT10),92,STEVENS ROAD,STEVENS MRT STATION (DT10),92 STEVENS ROAD STEVENS MRT STATION (DT10) SINGAPORE 257877,257877,27188.2299643802,33591.6608552355,1.32006555750626,103.826024401924,103.826024401924,Stevens DT10
0,NEWTON MRT STATION (DT11),235,BUKIT TIMAH ROAD,NEWTON MRT STATION (DT11),235 BUKIT TIMAH ROAD NEWTON MRT STATION (DT11) SINGAPORE 229901,229901,28489.236438402,32920.1726889089,1.31399286264569,103.837714613091,103.837714613091,Newton DT11
0,LITTLE INDIA MRT STATION (DT12),62,BUKIT TIMAH ROAD,LITTLE INDIA MRT STATION (DT12),62 BUKIT TIMAH ROAD LITTLE INDIA MRT STATION (DT12) SINGAPORE 229902,229902,29707.4618838392,32148.9626245815,1.30701826765224,103.848660935092,103.848660935092,Little India DT12
0,ROCHOR MRT STATION (DT13),11,ROCHOR CANAL ROAD,ROCHOR MRT STATION (DT13),11 ROCHOR CANAL ROAD ROCHOR MRT STATION (DT13) SINGAPORE 188505,188505,30164.7018503863,31798.8766778279,1.30385218527656,103.852769428884,103.852769428884,Rochor DT13
0,BUGIS MRT STATION (DT14),191,ROCHOR ROAD,BUGIS MRT STATION (DT14),191 ROCHOR ROAD BUGIS MRT STATION (DT14) SINGAPORE 188476,188476,30649.548578986,31297.0167998672,1.29931350399328,103.857125958751,103.857125958751,Bugis DT14
0,PROMENADE MRT STATION (DT15),10,TEMASEK AVENUE,PROMENADE MRT STATION (DT15),10 TEMASEK AVENUE PROMENADE MRT STATION (DT15) SINGAPORE 039194,039194,31068.6608139481,30586.9369543009,1.29289175383295,103.860891800025,103.860891800025,Promenade DT15
0,BAYFRONT MRT STATION (DT16 / CE1),11,BAYFRONT AVENUE,BAYFRONT MRT STATION (DT16 / CE1),11 BAYFRONT AVENUE BAYFRONT MRT STATION (DT16 / CE1) SINGAPORE 018957,018957,30867.0092712184,29368.6250332333,1.28187378879209,103.859079764874,103.859079764874,Bayfront DT16
0,DOWNTOWN MRT STATION (DT17),15,CENTRAL BOULEVARD,DOWNTOWN MRT STATION (DT17),15 CENTRAL BOULEVARD DOWNTOWN MRT STATION (DT17) SINGAPORE 018969,018969,30172.6688074525,29100.2087655049,1.27944638178916,103.852840829581,103.852840829581,Downtown DT17
0,TELOK AYER MRT STATION (DT18),7,CROSS STREET,TELOK AYER MRT STATION (DT18),7 CROSS STREET TELOK AYER MRT STATION (DT18) SINGAPORE 048416,048416,29706.1259155739,29390.1953907572,1.28206894769394,103.848648781083,103.848648781083,Telok Ayer DT18
0,CHINATOWN MRT STATION (DT19),91,UPPER CROSS STREET,CHINATOWN MRT STATION (DT19),91 UPPER CROSS STREET CHINATOWN MRT STATION (DT19) SINGAPORE 058362,058362,29316.0490006926,29628.4789423887,1.28422391919085,103.845143798953,103.845143798953,Chinatown DT19
0,FORT CANNING MRT STATION (DT20),170,RIVER VALLEY ROAD,FORT CANNING MRT STATION (DT20),170 RIVER VALLEY ROAD FORT CANNING MRT STATION (DT20) SINGAPORE 179038,179038,29225.6276065866,30541.6087720692,1.29248194822996,103.844331362465,103.844331362465,Fort Canning DT20
0,BENCOOLEN MRT STATION (DT21),31,BENCOOLEN STREET,BENCOOLEN MRT STATION (DT21),31 BENCOOLEN STREET BENCOOLEN MRT STATION (DT21) SINGAPORE 189658,189658,29895.8639496444,31253.3258734122,1.29891843369422,103.850353762717,103.850353762717,Bencoolen DT21
0,JALAN BESAR MRT STATION (DT22),90,JALAN BESAR,JALAN BESAR MRT STATION (DT22),90 JALAN BESAR JALAN BESAR MRT STATION (DT22) SINGAPORE 208826,208826,30445.8529787809,31944.7496234626,1.3051713878069,103.855295713435,103.855295713435,Jalan Besar DT22
0,BENDEMEER MRT STATION (DT23),11,KALLANG BAHRU,BENDEMEER MRT STATION (DT23),11 KALLANG BAHRU BENDEMEER MRT STATION (DT23) SINGAPORE 339356,339356,31300.7676084097,32884.7709222045,1.31367252847691,103.862977620945,103.862977620945,Bendemeer DT23
0,GEYLANG BAHRU MRT STATION (DT24),541,KALLANG BAHRU,GEYLANG BAHRU MRT STATION (DT24),541 KALLANG BAHRU GEYLANG BAHRU MRT STATION (DT24) SINGAPORE 339355,339355,32262.8612591857,33728.3126899004,1.32130110228321,103.871622627142,103.871622627142,Geylang Bahru DT24
0,MATTAR MRT STATION (DT25),60,MERPATI ROAD,MATTAR MRT STATION (DT25),60 MERPATI ROAD MATTAR MRT STATION (DT25) SINGAPORE 379314,379314,33556.5834402461,34344.8585332558,1.32687671501334,103.883247509542,103.883247509542,Mattar DT25
0,MACPHERSON MRT STATION (DT26),10,CIRCUIT LINK,MACPHERSON MRT STATION (DT26),10 CIRCUIT LINK MACPHERSON MRT STATION (DT26) SINGAPORE 378956,378956,34230.0104828067,34264.5435281098,1.32615024457361,103.889298600376,103.889298600376,MacPherson DT26
0,UBI MRT STATION (DT27),51,UBI AVENUE 2,UBI MRT STATION (DT27),51 UBI AVENUE 2 UBI MRT STATION (DT27) SINGAPORE 408899,408899,35334.8918333696,34687.4109907392,1.32997425973974,103.899226655439,103.899226655439,Ubi DT27
0,KAKI BUKIT MRT STATION (DT28),30,KAKI BUKIT AVENUE 1,KAKI BUKIT MRT STATION (DT28),30 KAKI BUKIT AVENUE 1 KAKI BUKIT MRT STATION (DT28) SINGAPORE 415804,415804,36362.3782825153,35239.5522551257,1.33496735995428,103.908459338046,103.908459338046,Kaki Bukit DT28
0,BEDOK NORTH MRT STATION (DT29),651,BEDOK NORTH ROAD,BEDOK NORTH MRT STATION (DT29),651 BEDOK NORTH ROAD BEDOK NORTH MRT STATION (DT29) SINGAPORE 479481,479481,37421.7438196167,35214.6803870108,1.33474211664091,103.91797832995,103.91797832995,Bedok North DT29
0,BEDOK RESERVOIR MRT STATION (DT30),371,BEDOK NORTH AVENUE 3,BEDOK RESERVOIR MRT STATION (DT30),371 BEDOK NORTH AVENUE 3 BEDOK RESERVOIR MRT STATION (DT30) SINGAPORE 469724,469724,39008.3131622663,35421.0408713054,1.33660782955099,103.932234623286,103.932234623286,Bedok Reservoir DT30
0,TAMPINES WEST MRT STATION (DT31),2,TAMPINES AVENUE 4,TAMPINES WEST MRT STATION (DT31),2 TAMPINES AVENUE 4 TAMPINES WEST MRT STATION (DT31) SINGAPORE 529683,529683,39698.5275852969,36406.0143331178,1.34551530560119,103.938436971222,103.938436971222,Tampines West DT31
0,TAMPINES MRT STATION (DT32),15,TAMPINES CENTRAL 1,TAMPINES MRT STATION (DT32),15 TAMPINES CENTRAL 1 TAMPINES MRT STATION (DT32) SINGAPORE 529544,529544,40207.3952279184,37471.4394600224,1.35515041120473,103.943009883131,103.943009883131,Tampines DT32
0,TAMPINES EAST MRT STATION (DT33),20,TAMPINES AVENUE 7,TAMPINES EAST MRT STATION (DT33),20 TAMPINES AVENUE 7 TAMPINES EAST MRT STATION (DT33) SINGAPORE 529623,529623,41501.0748521937,37586.6177644413,1.35619148271544,103.9546344625,103.9546344625,Tampines East DT33
0,UPPER CHANGI MRT STATION (DT34),690,UPPER CHANGI ROAD EAST,UPPER CHANGI MRT STATION (DT34),690 UPPER CHANGI ROAD EAST UPPER CHANGI MRT STATION (DT34) SINGAPORE 485990,485990,42262.187971171,35988.6568845119,1.34173977444995,103.961472788634,103.961472788634,Upper Changi DT34
0,EXPO MRT STATION (DT35),2,EXPO DRIVE,EXPO MRT STATION (DT35),2 EXPO DRIVE EXPO MRT STATION (DT35) SINGAPORE 485985,485985,42362.6034600167,35285.7083877847,1.33538252614956,103.962374747451,103.962374747451,Expo DT35
0,CHOA CHU KANG LRT STATION (BP1),15,CHOA CHU KANG AVENUE 4,CHOA CHU KANG LRT STATION (BP1),15 CHOA CHU KANG AVENUE 4 CHOA CHU KANG LRT STATION (BP1) SINGAPORE 689813,689813,18119.8205469949,40744.9184182286,1.38475541089131,103.74453769781,103.74453769781,Choa Chu Kang BP1
0,SOUTH VIEW LRT STATION (BP2),50,CHOA CHU KANG WAY,SOUTH VIEW LRT STATION (BP2),50 CHOA CHU KANG WAY SOUTH VIEW LRT STATION (BP2) SINGAPORE 688265,688265,18203.72427563,40252.0686228592,1.38029828742399,103.745291799824,103.745291799824,South View BP2
0,KEAT HONG LRT STATION (BP3),30,CHOA CHU KANG WAY,KEAT HONG LRT STATION (BP3),30 CHOA CHU KANG WAY KEAT HONG LRT STATION (BP3) SINGAPORE 688266,688266,18622.5893422375,40064.6246900782,1.3786032506373,103.749055668925,103.749055668925,Keat Hong BP3
0,TECK WHYE LRT STATION (BP4),10,CHOA CHU KANG WAY,TECK WHYE LRT STATION (BP4),10 CHOA CHU KANG WAY TECK WHYE LRT STATION (BP4) SINGAPORE 688267,688267,19140.8000152688,39852.4607739244,1.37668467920808,103.753712232337,103.753712232337,Teck Whye BP4
0,PHOENIX LRT STATION (BP5),40,CHOA CHU KANG ROAD,PHOENIX LRT STATION (BP5),40 CHOA CHU KANG ROAD PHOENIX LRT STATION (BP5) SINGAPORE 689483,689483,19617.4881601976,40065.9404090624,1.37861545104083,103.757995558346,103.757995558346,Phoenix BP5
0,BUKIT PANJANG LRT STATION (BP6),11,PETIR ROAD,BUKIT PANJANG LRT STATION (BP6),11 PETIR ROAD BUKIT PANJANG LRT STATION (BP6) SINGAPORE 678268,678268,20185.8730407264,39989.791610267,1.37792694616982,103.763102931112,103.763102931112,Bukit Panjang BP6
0,PETIR LRT STATION (BP7),31,PETIR ROAD,PETIR LRT STATION (BP7),31 PETIR ROAD PETIR LRT STATION (BP7) SINGAPORE 678269,678269,20580.1479736092,39972.6518196631,1.37777204259082,103.766645782497,103.766645782497,Petir BP7
0,PENDING LRT STATION (BP8),9,PENDING ROAD,PENDING LRT STATION (BP8),9 PENDING ROAD PENDING LRT STATION (BP8) SINGAPORE 678296,678296,21093.7792520449,39791.7041831557,1.37613574334988,103.771261175571,103.771261175571,Pending BP8
0,BANGKIT LRT STATION (BP9),20,BUKIT PANJANG RING ROAD,BANGKIT LRT STATION (BP9),20 BUKIT PANJANG RING ROAD BANGKIT LRT STATION (BP9) SINGAPORE 679939,679939,21248.0565876467,40221.4484106153,1.38002223010088,103.772647370452,103.772647370452,Bangkit BP9
0,FAJAR LRT STATION (BP10),40,FAJAR ROAD,FAJAR LRT STATION (BP10),40 FAJAR ROAD FAJAR LRT STATION (BP10) SINGAPORE 679004,679004,21052.1874405267,40724.6743432153,1.38457317668026,103.770887223018,103.770887223018,Fajar BP10
0,SEGAR LRT STATION (BP11),50,BUKIT PANJANG RING ROAD,SEGAR LRT STATION (BP11),50 BUKIT PANJANG RING ROAD SEGAR LRT STATION (BP11) SINGAPORE 679940,679940,20908.9104285147,41079.8350806553,1.38778508663361,103.769599685249,103.769599685249,Segar BP11
0,JELAPANG LRT STATION (BP12),70,BUKIT PANJANG RING ROAD,JELAPANG LRT STATION (BP12),70 BUKIT PANJANG RING ROAD JELAPANG LRT STATION (BP12) SINGAPORE 679941,679941,20345.1711083958,40964.2096878495,1.38673926997961,103.76453408646,103.76453408646,Jelapang BP12
0,SENJA LRT STATION (BP13),90,BUKIT PANJANG RING ROAD,SENJA LRT STATION (BP13),90 BUKIT PANJANG RING ROAD SENJA LRT STATION (BP13) SINGAPORE 679942,679942,20101.4576015575,40520.3910598382,1.38272547134453,103.76234425472,103.76234425472,Senja BP13
0,SENGKANG LRT STATION (STC),5,SENGKANG SQUARE,SENGKANG LRT STATION (STC),5 SENGKANG SQUARE SENGKANG LRT STATION (STC) SINGAPORE 545062,545062,34913.5878634388,41502.6996980961,1.39160936379906,103.895442583336,103.895442583336,Sengkang STC
0,COMPASSVALE LRT STATION (SE1),10,COMPASSVALE STREET,COMPASSVALE LRT STATION (SE1),10 COMPASSVALE STREET COMPASSVALE LRT STATION (SE1) SINGAPORE 545055,545055,35475.5631351992,41821.5781126507,1.39449304450373,103.900492450944,103.900492450944,Compassvale SE1
0,RUMBIA LRT STATION (SE2),70,RIVERVALE DRIVE,RUMBIA LRT STATION (SE2),70 RIVERVALE DRIVE RUMBIA LRT STATION (SE2) SINGAPORE 545054,545054,36085.5523884585,41487.1566344369,1.39146849534132,103.90597359341,103.90597359341,Rumbia SE2
0,BAKAU LRT STATION (SE3),50,RIVERVALE DRIVE,BAKAU LRT STATION (SE3),50 RIVERVALE DRIVE BAKAU LRT STATION (SE3) SINGAPORE 545053,545053,36023.4333449397,41102.9966866206,1.38799431054768,103.905415300171,103.905415300171,Bakau SE3
0,KANGKAR LRT STATION (SE4),20,RIVERVALE DRIVE,KANGKAR LRT STATION (SE4),20 RIVERVALE DRIVE KANGKAR LRT STATION (SE4) SINGAPORE 545052,545052,35668.448192073,40656.7945456952,1.38395911688913,103.90222537044,103.90222537044,Kangkar SE4
0,RANGGUNG LRT STATION (SE5),30,SENGKANG EAST AVENUE,RANGGUNG LRT STATION (SE5),30 SENGKANG EAST AVENUE RANGGUNG LRT STATION (SE5) SINGAPORE 545046,545046,35108.5940098073,40687.1253354792,1.38423355918277,103.897194667804,103.897194667804,Ranggung SE5
0,CHENG LIM LRT STATION (SW1),5,ANCHORVALE STREET,CHENG LIM LRT STATION (SW1),5 ANCHORVALE STREET CHENG LIM LRT STATION (SW1) SINGAPORE 545047,545047,34730.4628995238,42018.8888330311,1.39627763344324,103.893797181731,103.893797181731,Cheng Lim SW1
0,FARMWAY LRT STATION (SW2),35,ANCHORVALE STREET,FARMWAY LRT STATION (SW2),35 ANCHORVALE STREET FARMWAY LRT STATION (SW2) SINGAPORE 545048,545048,34230.5208312804,42117.5715403445,1.39717019591821,103.889304824196,103.889304824196,Farmway SW2
0,KUPANG LRT STATION (SW3),60,FERNVALE STREET,KUPANG LRT STATION (SW3),60 FERNVALE STREET KUPANG LRT STATION (SW3) SINGAPORE 797697,797697,33334.8164311657,42232.8410119303,1.39821283031379,103.881256222255,103.881256222255,Kupang SW3
0,THANGGAM LRT STATION (SW4),40,FERNVALE ROAD,THANGGAM LRT STATION (SW4),40 FERNVALE ROAD THANGGAM LRT STATION (SW4) SINGAPORE 797699,797699,32709.2687078444,42133.9003911279,1.39731815581938,103.875635154729,103.875635154729,Thanggam SW4
0,FERNVALE LRT STATION (SW5),10,FERNVALE ROAD,FERNVALE LRT STATION (SW5),10 FERNVALE ROAD FERNVALE LRT STATION (SW5) SINGAPORE 797698,797698,32784.2284894353,41533.2285615634,1.39188588468304,103.876308630144,103.876308630144,Fernvale SW5
0,LAYAR LRT STATION (SW6),11,SENGKANG WEST AVENUE,LAYAR LRT STATION (SW6),11 SENGKANG WEST AVENUE LAYAR LRT STATION (SW6) SINGAPORE 797700,797700,33198.3233218081,41554.6826597638,1.39207983659997,103.880029600546,103.880029600546,Layar SW6
0,TONGKANG LRT STATION (SW7),80,SENGKANG EAST AVENUE,TONGKANG LRT STATION (SW7),80 SENGKANG EAST AVENUE TONGKANG LRT STATION (SW7) SINGAPORE 545050,545050,33845.4132231614,41252.6175956074,1.38934794658941,103.885844150116,103.885844150116,Tongkang SW7
0,RENJONG LRT STATION (SW8),60,SENGKANG EAST AVENUE,RENJONG LRT STATION (SW8),60 SENGKANG EAST AVENUE RENJONG LRT STATION (SW8) SINGAPORE 545049,545049,34377.0569484383,40959.8985281233,1.38670058991904,103.89062131608,103.89062131608,Renjong SW8
0,PUNGGOL LRT STATION (PTC),70,PUNGGOL CENTRAL,PUNGGOL LRT STATION (PTC),70 PUNGGOL CENTRAL PUNGGOL LRT STATION (PTC) SINGAPORE 828868,828868,35689.1389922583,43004.9202214088,1.40519470149606,103.902411911915,103.902411911915,Punggol PTC
0,COVE LRT STATION (PE1),50,PUNGGOL FIELD,COVE LRT STATION (PE1),50 PUNGGOL FIELD COVE LRT STATION (PE1) SINGAPORE 828858,828858,36084.2289814064,42351.133770803,1.39928198837342,103.905961941214,103.905961941214,Cove PE1
0,MERIDIAN LRT STATION (PE2),60,PUNGGOL FIELD,MERIDIAN LRT STATION (PE2),60 PUNGGOL FIELD MERIDIAN LRT STATION (PE2) SINGAPORE 828857,828857,36416.793337211,42089.08824775,1.3969120498774,103.908950224489,103.908950224489,Meridian PE2
0,CORAL EDGE LRT STATION (PE3),70,PUNGGOL FIELD,CORAL EDGE LRT STATION (PE3),70 PUNGGOL FIELD CORAL EDGE LRT STATION (PE3) SINGAPORE 828856,828856,36820.844465619,41757.0644781347,1.39390922863313,103.912580845515,103.912580845515,Coral Edge PE3
0,RIVIERA LRT STATION (PE4),40,PUNGGOL EAST,RIVIERA LRT STATION (PE4),40 PUNGGOL EAST RIVIERA LRT STATION (PE4) SINGAPORE 828852,828852,37220.1990320655,41824.5905639976,1.39451978540251,103.916169381157,103.916169381157,Riviera PE4
0,KADALOOR LRT STATION (PE5),60,PUNGGOL DRIVE,KADALOOR LRT STATION (PE5),60 PUNGGOL DRIVE KADALOOR LRT STATION (PE5) SINGAPORE 828853,828853,37265.3166702027,42376.2865863442,1.39950910636258,103.916574974234,103.916574974234,Kadaloor PE5
0,OASIS LRT STATION (PE6),50,PUNGGOL DRIVE,OASIS LRT STATION (PE6),50 PUNGGOL DRIVE OASIS LRT STATION (PE6) SINGAPORE 828854,828854,36837.1174417054,42683.4020451903,1.40228667971123,103.912727352412,103.912727352412,Oasis PE6
0,DAMAI LRT STATION (PE7),40,PUNGGOL DRIVE,DAMAI LRT STATION (PE7),40 PUNGGOL DRIVE DAMAI LRT STATION (PE7) SINGAPORE 828855,828855,36378.1826799456,43009.3794218432,1.40523483636957,103.908603542566,103.908603542566,Damai PE7
0,SAM KEE LRT STATION (PW1),10,SENTUL CRESCENT,SAM KEE LRT STATION (PW1),10 SENTUL CRESCENT SAM KEE LRT STATION (PW1) SINGAPORE 828851,828851,35958.3967099339,43493.4470222741,1.40961268528804,103.904831550608,103.904831550608,Sam Kee PW1
0,TECK LEE LRT STATION (PW2),101,PONGGOL SEVENTEENTH AVENUE,TECK LEE LRT STATION (PW2),101 PONGGOL SEVENTEENTH AVENUE TECK LEE LRT STATION (PW2) SINGAPORE 828861,828861,36152.699307289,43842.6720870361,1.4127708937463,103.906577622768,103.906577622768,Teck Lee PW2
0,PUNGGOL POINT LRT STATION (PW3),81,PUNGGOL WAY,PUNGGOL POINT LRT STATION (PW3),81 PUNGGOL WAY PUNGGOL POINT LRT STATION (PW3) SINGAPORE 828644,828644,36160.8274716362,44293.556079682,1.41684852031206,103.906650789313,103.906650789313,Punggol Point PW3
0,SAMUDERA LRT STATION (PW4),61,PUNGGOL WAY,SAMUDERA LRT STATION (PW4),61 PUNGGOL WAY SAMUDERA LRT STATION (PW4) SINGAPORE 828645,828645,35660.6597858425,44188.8484394047,1.41590172160383,103.902156317163,103.902156317163,Samudera PW4
0,NIBONG LRT STATION (PW5),41,PUNGGOL WAY,NIBONG LRT STATION (PW5),41 PUNGGOL WAY NIBONG LRT STATION (PW5) SINGAPORE 828862,828862,35455.6253116447,43743.0799781512,1.41187040942087,103.900313788123,103.900313788123,Nibong PW5
0,SUMANG LRT STATION (PW6),31,PUNGGOL WAY,SUMANG LRT STATION (PW6),31 PUNGGOL WAY SUMANG LRT STATION (PW6) SINGAPORE 828863,828863,35260.291393281,43365.130112553,1.40845241943079,103.898558450395,103.898558450395,Sumang PW6
0,SOO TECK LRT STATION (PW7),21,PUNGGOL WAY,SOO TECK LRT STATION (PW7),21 PUNGGOL WAY SOO TECK LRT STATION (PW7) SINGAPORE 828864,828864,35119.198004419,43019.1258336715,1.40532331860455,103.897290522033,103.897290522033,Soo Teck PW7
